Workbook

Sheet 채점표
A1: 카테고리 | B1: 부업 모델 | C1: A | D1: I | E1: P | F1: Q | G1: S | H1: M | I1: D | J1: R | K1: C | L1: G | M1: E | N1: 노베이스 원점수 | O1: 노베이스 최종 | P1: 유베이스 원점수 | Q1: 유베이스 최종 | R1: 판정 (노베이스) | S1: 판정 (유베이스) | T1: ⚠ | U1: 핵심 리스크 · 비고
A2: 콘텐츠·미디어 | B2: 전자책 크몽·리틀리 (국문 노하우) | C2: 3 | D2: 2.5 | E2: 2 | F2: 2 | G2: 4.5 | H2: 4 | I2: 3 | J2: 2.5 | K2: 3 | L2: 4 | M2: 5 | N2: =SUMPRODUCT(기준!$B$3:$L$3,C2:M2)*20 -> 55.75 | O2: =MIN(N2,L2*20) -> 55.75 | P2: =SUMPRODUCT(기준!$B$4:$L$4,C2:M2)*20 -> 72.75 | Q2: =MIN(P2,L2*20) -> 72.75 | R2: =IF(O2>=80,"즉시 착수",IF(O2>=60,"조건부 착수",IF(O2>=40,"보조도구","회피"))) -> 보조도구 | S2: =IF(Q2>=80,"즉시 착수",IF(Q2>=60,"조건부 착수",IF(Q2>=40,"보조도구","회피"))) -> 조건부 착수 | T2: =IF(COUNTIF(C2:M2,1)>0,"⚠1점축","") | U2: 딥리서치 검증 완료 모델. 경력 증빙 요구가 오히려 강사에게 해자
A3: 지식·교육 | B3: 인프런·크몽 강의 상품화 | C3: 2 | D3: 2 | E3: 2 | F3: 2 | G3: 4.5 | H3: 4 | I3: 3 | J3: 2.5 | K3: 3.5 | L3: 4 | M3: 5 | N3: =SUMPRODUCT(기준!$B$3:$L$3,C3:M3)*20 -> 52.75 | O3: =MIN(N3,L3*20) -> 52.75 | P3: =SUMPRODUCT(기준!$B$4:$L$4,C3:M3)*20 -> 72 | Q3: =MIN(P3,L3*20) -> 72 | R3: =IF(O3>=80,"즉시 착수",IF(O3>=60,"조건부 착수",IF(O3>=40,"보조도구","회피"))) -> 보조도구 | S3: =IF(Q3>=80,"즉시 착수",IF(Q3>=60,"조건부 착수",IF(Q3>=40,"보조도구","회피"))) -> 조건부 착수 | T3: =IF(COUNTIF(C3:M3,1)>0,"⚠1점축","") | U3: 딥리서치 검증 완료 71점. 앞에서 노동, 뒤에서 자동 판매
A4: 지식·교육 | B4: 유튜브 교육 채널 (얼굴 공개) | C4: 2.5 | D4: 2.5 | E4: 2 | F4: 2.5 | G4: 4.5 | H4: 4 | I4: 2 | J4: 3.5 | K4: 3.5 | L4: 4.5 | M4: 5 | N4: =SUMPRODUCT(기준!$B$3:$L$3,C4:M4)*20 -> 54.5 | O4: =MIN(N4,L4*20) -> 54.5 | P4: =SUMPRODUCT(기준!$B$4:$L$4,C4:M4)*20 -> 73.25 | Q4: =MIN(P4,L4*20) -> 73.25 | R4: =IF(O4>=80,"즉시 착수",IF(O4>=60,"조건부 착수",IF(O4>=40,"보조도구","회피"))) -> 보조도구 | S4: =IF(Q4>=80,"즉시 착수",IF(Q4>=60,"조건부 착수",IF(Q4>=40,"보조도구","회피"))) -> 조건부 착수 | T4: =IF(COUNTIF(C4:M4,1)>0,"⚠1점축","") | U4: [검증완료] 얼굴+본인해설 = 비진정성 정책 공식 면제 확인, AI슬롭 퇴출의 반사이익 → G 4.5. 교육/IT CPM 최대 $36, 2.2만 구독→수강생 5천 등 전환 실사례 강력. 단 1만 구독까지 최대 2.5년 무수익 계곡
A5: 지식·교육 | B5: 1:1 온라인 코칭·컨설팅 | C5: 2 | D5: 2.5 | E5: 2.5 | F5: 2 | G5: 1.5 | H5: 4.5 | I5: 2.5 | J5: 3.5 | K5: 4 | L5: 5 | M5: 5 | N5: =SUMPRODUCT(기준!$B$3:$L$3,C5:M5)*20 -> 50.25 | O5: =MIN(N5,L5*20) -> 50.25 | P5: =SUMPRODUCT(기준!$B$4:$L$4,C5:M5)*20 -> 70.5 | Q5: =MIN(P5,L5*20) -> 70.5 | R5: =IF(O5>=80,"즉시 착수",IF(O5>=60,"조건부 착수",IF(O5>=40,"보조도구","회피"))) -> 보조도구 | S5: =IF(Q5>=80,"즉시 착수",IF(Q5>=60,"조건부 착수",IF(Q5>=40,"보조도구","회피"))) -> 조건부 착수 | T5: =IF(COUNTIF(C5:M5,1)>0,"⚠1점축","") | U5: 시간을 파는 구조라 확장 불가. 단가·방어력은 최상급
A6: 외주·서비스 | B6: PPT 제작 대행 | C6: 3.5 | D6: 4.5 | E6: 2.5 | F6: 2.5 | G6: 2.5 | H6: 3.5 | I6: 2.5 | J6: 2.5 | K6: 2 | L6: 5 | M6: 4.5 | N6: =SUMPRODUCT(기준!$B$3:$L$3,C6:M6)*20 -> 56.25 | O6: =MIN(N6,L6*20) -> 56.25 | P6: =SUMPRODUCT(기준!$B$4:$L$4,C6:M6)*20 -> 64.5 | Q6: =MIN(P6,L6*20) -> 64.5 | R6: =IF(O6>=80,"즉시 착수",IF(O6>=60,"조건부 착수",IF(O6>=40,"보조도구","회피"))) -> 보조도구 | S6: =IF(Q6>=80,"즉시 착수",IF(Q6>=60,"조건부 착수",IF(Q6>=40,"보조도구","회피"))) -> 조건부 착수 | T6: =IF(COUNTIF(C6:M6,1)>0,"⚠1점축","") | U6: 강사 = 슬라이드 설계 전문가. 단 Gamma 대중화로 단가 압박
A7: 콘텐츠·미디어 | B7: 엑셀 템플릿·가계부 판매 | C7: 3.5 | D7: 2.5 | E7: 3 | F7: 3 | G7: 5 | H7: 4 | I7: 2.5 | J7: 2 | K7: 2.5 | L7: 3.5 | M7: 3 | N7: =SUMPRODUCT(기준!$B$3:$L$3,C7:M7)*20 -> 62.5 | O7: =MIN(N7,L7*20) -> 62.5 | P7: =SUMPRODUCT(기준!$B$4:$L$4,C7:M7)*20 -> 63.5 | Q7: =MIN(P7,L7*20) -> 63.5 | R7: =IF(O7>=80,"즉시 착수",IF(O7>=60,"조건부 착수",IF(O7>=40,"보조도구","회피"))) -> 조건부 착수 | S7: =IF(Q7>=80,"즉시 착수",IF(Q7>=60,"조건부 착수",IF(Q7>=40,"보조도구","회피"))) -> 조건부 착수 | T7: =IF(COUNTIF(C7:M7,1)>0,"⚠1점축","") | U7: 노션과 유사. 실무 도메인 지식이 차별화
A8: 지식·교육 | B8: 유료 스터디·멤버십 커뮤니티 | C8: 2.5 | D8: 2.5 | E8: 2.5 | F8: 1.5 | G8: 3.5 | H8: 4 | I8: 2 | J8: 5 | K8: 3 | L8: 4 | M8: 4.5 | N8: =SUMPRODUCT(기준!$B$3:$L$3,C8:M8)*20 -> 52.25 | O8: =MIN(N8,L8*20) -> 52.25 | P8: =SUMPRODUCT(기준!$B$4:$L$4,C8:M8)*20 -> 71 | Q8: =MIN(P8,L8*20) -> 71 | R8: =IF(O8>=80,"즉시 착수",IF(O8>=60,"조건부 착수",IF(O8>=40,"보조도구","회피"))) -> 보조도구 | S8: =IF(Q8>=80,"즉시 착수",IF(Q8>=60,"조건부 착수",IF(Q8>=40,"보조도구","회피"))) -> 조건부 착수 | T8: =IF(COUNTIF(C8:M8,1)>0,"⚠1점축","") | U8: [검증완료] 객단가 월 1~4만 성립, 독립 결제망 시 수수료 8%대. 그러나 환불 규제 가혹(7일 청약철회·폐강시 5일내 전액환불·공정위 제재 실사례) → Q 1.5 조건부. 이탈률 월 3~5%가 생사선 [v2.1] R=5 최대 수혜(65.5→71). 홀모지 유지율 렌즈로 재평가 상승.
A9: 외주·서비스 | B9: 이력서·자소서 첨삭 | C9: 3.5 | D9: 4.5 | E9: 3 | F9: 2.5 | G9: 2.5 | H9: 4 | I9: 2.5 | J9: 1.5 | K9: 2.5 | L9: 5 | M9: 3.5 | N9: =SUMPRODUCT(기준!$B$3:$L$3,C9:M9)*20 -> 58.5 | O9: =MIN(N9,L9*20) -> 58.5 | P9: =SUMPRODUCT(기준!$B$4:$L$4,C9:M9)*20 -> 60.75 | Q9: =MIN(P9,L9*20) -> 60.75 | R9: =IF(O9>=80,"즉시 착수",IF(O9>=60,"조건부 착수",IF(O9>=40,"보조도구","회피"))) -> 보조도구 | S9: =IF(Q9>=80,"즉시 착수",IF(Q9>=60,"조건부 착수",IF(Q9>=40,"보조도구","회피"))) -> 조건부 착수 | T9: =IF(COUNTIF(C9:M9,1)>0,"⚠1점축","") | U9: 강사의 코칭 경험 활용 가능. 시즌성 수요
A10: 외주·서비스 | B10: AI 도입·프롬프트 컨설팅 | C10: 2 | D10: 1.5 | E10: 2.5 | F10: 2 | G10: 2 | H10: 4.5 | I10: 2 | J10: 3 | K10: 3.5 | L10: 5 | M10: 4.5 | N10: =SUMPRODUCT(기준!$B$3:$L$3,C10:M10)*20 -> 47 | O10: =MIN(N10,L10*20) -> 47 | P10: =SUMPRODUCT(기준!$B$4:$L$4,C10:M10)*20 -> 65.5 | Q10: =MIN(P10,L10*20) -> 65.5 | R10: =IF(O10>=80,"즉시 착수",IF(O10>=60,"조건부 착수",IF(O10>=40,"보조도구","회피"))) -> 보조도구 | S10: =IF(Q10>=80,"즉시 착수",IF(Q10>=60,"조건부 착수",IF(Q10>=40,"보조도구","회피"))) -> 조건부 착수 | T10: =IF(COUNTIF(C10:M10,1)>0,"⚠1점축","") | U10: 강사는 '교육형 컨설팅'으로 전환 유리. 완전 노동
A11: 콘텐츠·미디어 | B11: 노션 템플릿 판매 | C11: 3.5 | D11: 2.5 | E11: 3 | F11: 3 | G11: 5 | H11: 4 | I11: 2.5 | J11: 2 | K11: 2.5 | L11: 3.5 | M11: 2.5 | N11: =SUMPRODUCT(기준!$B$3:$L$3,C11:M11)*20 -> 62.5 | O11: =MIN(N11,L11*20) -> 62.5 | P11: =SUMPRODUCT(기준!$B$4:$L$4,C11:M11)*20 -> 61 | Q11: =MIN(P11,L11*20) -> 61 | R11: =IF(O11>=80,"즉시 착수",IF(O11>=60,"조건부 착수",IF(O11>=40,"보조도구","회피"))) -> 조건부 착수 | S11: =IF(Q11>=80,"즉시 착수",IF(Q11>=60,"조건부 착수",IF(Q11>=40,"보조도구","회피"))) -> 조건부 착수 | T11: =IF(COUNTIF(C11:M11,1)>0,"⚠1점축","") | U11: 제작 반자동. 마켓 포화 진행 중이나 니치 선점 여지
A12: 지식·교육 | B12: 기업·기관 AI 특강 출강 | C12: 2 | D12: 2 | E12: 2.5 | F12: 2 | G12: 1.5 | H12: 4 | I12: 2.5 | J12: 2.5 | K12: 2 | L12: 4 | M12: 5 | N12: =SUMPRODUCT(기준!$B$3:$L$3,C12:M12)*20 -> 45 | O12: =MIN(N12,L12*20) -> 45 | P12: =SUMPRODUCT(기준!$B$4:$L$4,C12:M12)*20 -> 62.75 | Q12: =MIN(P12,L12*20) -> 62.75 | R12: =IF(O12>=80,"즉시 착수",IF(O12>=60,"조건부 착수",IF(O12>=40,"보조도구","회피"))) -> 보조도구 | S12: =IF(Q12>=80,"즉시 착수",IF(Q12>=60,"조건부 착수",IF(Q12>=40,"보조도구","회피"))) -> 조건부 착수 | T12: =IF(COUNTIF(C12:M12,1)>0,"⚠1점축","") | U12: [검증완료] 공공 상한 10~15만/h(경직), 민간 50~150만이나 에이전시 30% 착취. 국비 AI강사 연 1만명 양산·시간당 8.3만 공고·VOD 65% 덤핑 등 단가붕괴 실증 → C 2. Zoom 6%로 급락, 오프라인 회귀로 물리적 한계. 수요는 정부예산 10.1조가 2~3년 보장(정책 기생형)
A13: 커머스·기타 | B13: 데이터·시장 리포트 구독 서비스 | C13: 3.5 | D13: 3 | E13: 2.5 | F13: 2 | G13: 4.5 | H13: 4 | I13: 1.5 | J13: 4.5 | K13: 3 | L13: 4.5 | M13: 3 | N13: =SUMPRODUCT(기준!$B$3:$L$3,C13:M13)*20 -> 57.5 | O13: =MIN(N13,L13*20) -> 57.5 | P13: =SUMPRODUCT(기준!$B$4:$L$4,C13:M13)*20 -> 65.5 | Q13: =MIN(P13,L13*20) -> 65.5 | R13: =IF(O13>=80,"즉시 착수",IF(O13>=60,"조건부 착수",IF(O13>=40,"보조도구","회피"))) -> 보조도구 | S13: =IF(Q13>=80,"즉시 착수",IF(Q13>=60,"조건부 착수",IF(Q13>=40,"보조도구","회피"))) -> 조건부 착수 | T13: =IF(COUNTIF(C13:M13,1)>0,"⚠1점축","") | U13: 신뢰 구축 전까지 판매 난망. B2B 전환 시 단가 상승
... A45: 해외·글로벌 | B45: 글로벌 edtech 교육상품 (한국식 학습법·강사 edge, 영문) | C45: 2.5 | D45: 2 | E45: 2.5 | F45: 2 | G45: 5 | H45: 4.5 | I45: 2 | J45: 3 | K45: 4 | L45: 4.5 | M45: 5 | N45: =SUMPRODUCT(기준!$B$3:$L$3,C45:M45)*20 -> 56 | O45: =MIN(N45,L45*20) -> 56 | P45: =SUMPRODUCT(기준!$B$4:$L$4,C45:M45)*20 -> 76 | Q45: =MIN(P45,L45*20) -> 76 | R45: =IF(O45>=80,"즉시 착수",IF(O45>=60,"조건부 착수",IF(O45>=40,"보조도구","회피"))) -> 보조도구 | S45: =IF(Q45>=80,"즉시 착수",IF(Q45>=60,"조건부 착수",IF(Q45>=40,"보조도구","회피"))) -> 조건부 착수 | T45: =IF(COUNTIF(C45:M45,1)>0,"⚠1점축","") | U45: [1차스크리닝±10] 강사 E(7년 교육경력)가 글로벌로 전이되는 유일 지점. G탈출+E전이 동시→유베이스 74.5, 전체 표 1위. 유일 약점은 D(글로벌 콜드스타트)→문서 §5 트랙2 파일럿으로 CVR 검증 [v2.1] R=3(자체결제+이메일 리스트 전제). 커뮤니티/코호트 레이어 추가 시 R=4 → 78.0. Skool 데이터: 첫 30일 온보딩 최전선+6개월 마일스톤(6개월 생존 시 월이탈 2%).

Sheet 기준
A1: 가중치 (이 셀들을 바꾸면 채점표 점수가 자동 재계산됨) — v2.1(2026-07-22): R축 신설, 근거는 홀모지_5조건_대조검토.md
B2: A | C2: I | D2: P | E2: Q | F2: S | G2: M | H2: D | I2: R | J2: C | K2: G | L2: E | N2: 합계(=100%)
A3: 노베이스 가중치 | B3: 0.15 | C3: 0.075 | D3: 0.2 | E3: 0.15 | F3: 0.1 | G3: 0.05 | H3: 0.15 | I3: 0.05 | J3: 0.075 | K3: 0 | L3: 0 | N3: =SUM(B3:L3) -> 1
A4: 유베이스 가중치 | B4: 0.075 | C4: 0.025 | D4: 0.075 | E4: 0.025 | F4: 0.1 | G4: 0.15 | H4: 0.1 | I4: 0.1 | J4: 0.1 | K4: 0 | L4: 0.25 | N4: =SUM(B4:L4) -> 1
A6: 지표 설명
A7: A 자동화 실행도
A8: I 기획 자동화
A9: P 후처리 용이성
A10: Q 품질 관대성
A11: S 확장성
A12: M 마진율
A13: D 수요 획득
A14: R 매출 유지율 (v2.1 신설): 1=전량 일회성(방문자·고객이 자산으로 안 남음) / 3=재구매·업셀, 고객 리스트 누적 / 5=구독·멤버십으로 매출 자동 누적
A15: C 경쟁 반감기
A16: G 플랫폼 생존성(게이트)
A17: E 전문성 레버리지(강사)
... A25: v2.1 참고: D 채점 시 순풍 보정 적용(시장 연 10%+ 성장 D +0.5~1, 축소장 -1). R은 게이트 아님(가중치만).
