Workbook

Sheet 채점표
A1: 카테고리 | B1: 부업 모델 | C1: A | D1: I | E1: P | F1: Q | G1: S | H1: M | I1: D | J1: C | K1: G | L1: E | M1: 노베이스 원점수 | N1: 노베이스 최종 | O1: 유베이스 원점수 | P1: 유베이스 최종 | Q1: 판정 (노베이스) | R1: 판정 (유베이스) | S1: ⚠ | T1: 핵심 리스크 · 비고
A2: 콘텐츠·미디어 | B2: 전자책 크몽·리틀리 (국문 노하우) | C2: 3 | D2: 2.5 | E2: 2 | F2: 2 | G2: 4.5 | H2: 4 | I2: 3 | J2: 3 | K2: 4 | L2: 5 | M2: =SUMPRODUCT(기준!$B$3:$K$3,C2:L2)*20 -> 56 | N2: =MIN(M2,K2*20) -> 56 | O2: =SUMPRODUCT(기준!$B$4:$K$4,C2:L2)*20 -> 72.5 | P2: =MIN(O2,K2*20) -> 72.5 | Q2: =IF(N2>=80,"즉시 착수",IF(N2>=60,"조건부 착수",IF(N2>=40,"보조도구","회피"))) -> 보조도구 | R2: =IF(P2>=80,"즉시 착수",IF(P2>=60,"조건부 착수",IF(P2>=40,"보조도구","회피"))) -> 조건부 착수 | S2: =IF(COUNTIF(C2:L2,1)>0,"⚠1점축","") | T2: 딥리서치 검증 완료 모델. 경력 증빙 요구가 오히려 강사에게 해자
A3: 지식·교육 | B3: 인프런·크몽 강의 상품화 | C3: 2 | D3: 2 | E3: 2 | F3: 2 | G3: 4.5 | H3: 4 | I3: 3 | J3: 3.5 | K3: 4 | L3: 5 | M3: =SUMPRODUCT(기준!$B$3:$K$3,C3:L3)*20 -> 53 | N3: =MIN(M3,K3*20) -> 53 | O3: =SUMPRODUCT(기준!$B$4:$K$4,C3:L3)*20 -> 71 | P3: =MIN(O3,K3*20) -> 71 | Q3: =IF(N3>=80,"즉시 착수",IF(N3>=60,"조건부 착수",IF(N3>=40,"보조도구","회피"))) -> 보조도구 | R3: =IF(P3>=80,"즉시 착수",IF(P3>=60,"조건부 착수",IF(P3>=40,"보조도구","회피"))) -> 조건부 착수 | S3: =IF(COUNTIF(C3:L3,1)>0,"⚠1점축","") | T3: 딥리서치 검증 완료 71점. 앞에서 노동, 뒤에서 자동 판매
A4: 지식·교육 | B4: 유튜브 교육 채널 (얼굴 공개) | C4: 2.5 | D4: 2.5 | E4: 2 | F4: 2.5 | G4: 4.5 | H4: 4 | I4: 2 | J4: 3.5 | K4: 4.5 | L4: 5 | M4: =SUMPRODUCT(기준!$B$3:$K$3,C4:L4)*20 -> 54 | N4: =MIN(M4,K4*20) -> 54 | O4: =SUMPRODUCT(기준!$B$4:$K$4,C4:L4)*20 -> 71 | P4: =MIN(O4,K4*20) -> 71 | Q4: =IF(N4>=80,"즉시 착수",IF(N4>=60,"조건부 착수",IF(N4>=40,"보조도구","회피"))) -> 보조도구 | R4: =IF(P4>=80,"즉시 착수",IF(P4>=60,"조건부 착수",IF(P4>=40,"보조도구","회피"))) -> 조건부 착수 | S4: =IF(COUNTIF(C4:L4,1)>0,"⚠1점축","") | T4: [검증완료] 얼굴+본인해설 = 비진정성 정책 공식 면제 확인, AI슬롭 퇴출의 반사이익 → G 4.5. 교육/IT CPM 최대 $36, 2.2만 구독→수강생 5천 등 전환 실사례 강력. 단 1만 구독까지 최대 2.5년 무수익 계곡
A5: 지식·교육 | B5: 1:1 온라인 코칭·컨설팅 | C5: 2 | D5: 2.5 | E5: 2.5 | F5: 2 | G5: 1.5 | H5: 4.5 | I5: 2.5 | J5: 4 | K5: 5 | L5: 5 | M5: =SUMPRODUCT(기준!$B$3:$K$3,C5:L5)*20 -> 50 | N5: =MIN(M5,K5*20) -> 50 | O5: =SUMPRODUCT(기준!$B$4:$K$4,C5:L5)*20 -> 68 | P5: =MIN(O5,K5*20) -> 68 | Q5: =IF(N5>=80,"즉시 착수",IF(N5>=60,"조건부 착수",IF(N5>=40,"보조도구","회피"))) -> 보조도구 | R5: =IF(P5>=80,"즉시 착수",IF(P5>=60,"조건부 착수",IF(P5>=40,"보조도구","회피"))) -> 조건부 착수 | S5: =IF(COUNTIF(C5:L5,1)>0,"⚠1점축","") | T5: 시간을 파는 구조라 확장 불가. 단가·방어력은 최상급
A6: 외주·서비스 | B6: PPT 제작 대행 | C6: 3.5 | D6: 4.5 | E6: 2.5 | F6: 2.5 | G6: 2.5 | H6: 3.5 | I6: 2.5 | J6: 2 | K6: 5 | L6: 4.5 | M6: =SUMPRODUCT(기준!$B$3:$K$3,C6:L6)*20 -> 57 | N6: =MIN(M6,K6*20) -> 57 | O6: =SUMPRODUCT(기준!$B$4:$K$4,C6:L6)*20 -> 66 | P6: =MIN(O6,K6*20) -> 66 | Q6: =IF(N6>=80,"즉시 착수",IF(N6>=60,"조건부 착수",IF(N6>=40,"보조도구","회피"))) -> 보조도구 | R6: =IF(P6>=80,"즉시 착수",IF(P6>=60,"조건부 착수",IF(P6>=40,"보조도구","회피"))) -> 조건부 착수 | S6: =IF(COUNTIF(C6:L6,1)>0,"⚠1점축","") | T6: 강사 = 슬라이드 설계 전문가. 단 Gamma 대중화로 단가 압박
A7: 콘텐츠·미디어 | B7: 엑셀 템플릿·가계부 판매 | C7: 3.5 | D7: 2.5 | E7: 3 | F7: 3 | G7: 5 | H7: 4 | I7: 2.5 | J7: 2.5 | K7: 3.5 | L7: 3 | M7: =SUMPRODUCT(기준!$B$3:$K$3,C7:L7)*20 -> 63 | N7: =MIN(M7,K7*20) -> 63 | O7: =SUMPRODUCT(기준!$B$4:$K$4,C7:L7)*20 -> 65.5 | P7: =MIN(O7,K7*20) -> 65.5 | Q7: =IF(N7>=80,"즉시 착수",IF(N7>=60,"조건부 착수",IF(N7>=40,"보조도구","회피"))) -> 조건부 착수 | R7: =IF(P7>=80,"즉시 착수",IF(P7>=60,"조건부 착수",IF(P7>=40,"보조도구","회피"))) -> 조건부 착수 | S7: =IF(COUNTIF(C7:L7,1)>0,"⚠1점축","") | T7: 노션과 유사. 실무 도메인 지식이 차별화
A8: 지식·교육 | B8: 유료 스터디·멤버십 커뮤니티 | C8: 2.5 | D8: 2.5 | E8: 2.5 | F8: 1.5 | G8: 3.5 | H8: 4 | I8: 2 | J8: 3 | K8: 4 | L8: 4.5 | M8: =SUMPRODUCT(기준!$B$3:$K$3,C8:L8)*20 -> 50 | N8: =MIN(M8,K8*20) -> 50 | O8: =SUMPRODUCT(기준!$B$4:$K$4,C8:L8)*20 -> 65.5 | P8: =MIN(O8,K8*20) -> 65.5 | Q8: =IF(N8>=80,"즉시 착수",IF(N8>=60,"조건부 착수",IF(N8>=40,"보조도구","회피"))) -> 보조도구 | R8: =IF(P8>=80,"즉시 착수",IF(P8>=60,"조건부 착수",IF(P8>=40,"보조도구","회피"))) -> 조건부 착수 | S8: =IF(COUNTIF(C8:L8,1)>0,"⚠1점축","") | T8: [검증완료] 객단가 월 1~4만 성립, 독립 결제망 시 수수료 8%대. 그러나 환불 규제 가혹(7일 청약철회·폐강시 5일내 전액환불·공정위 제재 실사례) → Q 1.5 조건부. 이탈률 월 3~5%가 생사선
A9: 외주·서비스 | B9: 이력서·자소서 첨삭 | C9: 3.5 | D9: 4.5 | E9: 3 | F9: 2.5 | G9: 2.5 | H9: 4 | I9: 2.5 | J9: 2.5 | K9: 5 | L9: 3.5 | M9: =SUMPRODUCT(기준!$B$3:$K$3,C9:L9)*20 -> 60.5 | N9: =MIN(M9,K9*20) -> 60.5 | O9: =SUMPRODUCT(기준!$B$4:$K$4,C9:L9)*20 -> 64.5 | P9: =MIN(O9,K9*20) -> 64.5 | Q9: =IF(N9>=80,"즉시 착수",IF(N9>=60,"조건부 착수",IF(N9>=40,"보조도구","회피"))) -> 조건부 착수 | R9: =IF(P9>=80,"즉시 착수",IF(P9>=60,"조건부 착수",IF(P9>=40,"보조도구","회피"))) -> 조건부 착수 | S9: =IF(COUNTIF(C9:L9,1)>0,"⚠1점축","") | T9: 강사의 코칭 경험 활용 가능. 시즌성 수요
A10: 외주·서비스 | B10: AI 도입·프롬프트 컨설팅 | C10: 2 | D10: 1.5 | E10: 2.5 | F10: 2 | G10: 2 | H10: 4.5 | I10: 2 | J10: 3.5 | K10: 5 | L10: 4.5 | M10: =SUMPRODUCT(기준!$B$3:$K$3,C10:L10)*20 -> 46.5 | N10: =MIN(M10,K10*20) -> 46.5 | O10: =SUMPRODUCT(기준!$B$4:$K$4,C10:L10)*20 -> 63.5 | P10: =MIN(O10,K10*20) -> 63.5 | Q10: =IF(N10>=80,"즉시 착수",IF(N10>=60,"조건부 착수",IF(N10>=40,"보조도구","회피"))) -> 보조도구 | R10: =IF(P10>=80,"즉시 착수",IF(P10>=60,"조건부 착수",IF(P10>=40,"보조도구","회피"))) -> 조건부 착수 | S10: =IF(COUNTIF(C10:L10,1)>0,"⚠1점축","") | T10: 강사는 '교육형 컨설팅'으로 전환 유리. 완전 노동
A11: 콘텐츠·미디어 | B11: 노션 템플릿 판매 | C11: 3.5 | D11: 2.5 | E11: 3 | F11: 3 | G11: 5 | H11: 4 | I11: 2.5 | J11: 2.5 | K11: 3.5 | L11: 2.5 | M11: =SUMPRODUCT(기준!$B$3:$K$3,C11:L11)*20 -> 63 | N11: =MIN(M11,K11*20) -> 63 | O11: =SUMPRODUCT(기준!$B$4:$K$4,C11:L11)*20 -> 63 | P11: =MIN(O11,K11*20) -> 63 | Q11: =IF(N11>=80,"즉시 착수",IF(N11>=60,"조건부 착수",IF(N11>=40,"보조도구","회피"))) -> 조건부 착수 | R11: =IF(P11>=80,"즉시 착수",IF(P11>=60,"조건부 착수",IF(P11>=40,"보조도구","회피"))) -> 조건부 착수 | S11: =IF(COUNTIF(C11:L11,1)>0,"⚠1점축","") | T11: 제작 반자동. 마켓 포화 진행 중이나 니치 선점 여지
A12: 지식·교육 | B12: 기업·기관 AI 특강 출강 | C12: 2 | D12: 2 | E12: 2.5 | F12: 2 | G12: 1.5 | H12: 4 | I12: 2.5 | J12: 2 | K12: 4 | L12: 5 | M12: =SUMPRODUCT(기준!$B$3:$K$3,C12:L12)*20 -> 44.5 | N12: =MIN(M12,K12*20) -> 44.5 | O12: =SUMPRODUCT(기준!$B$4:$K$4,C12:L12)*20 -> 62 | P12: =MIN(O12,K12*20) -> 62 | Q12: =IF(N12>=80,"즉시 착수",IF(N12>=60,"조건부 착수",IF(N12>=40,"보조도구","회피"))) -> 보조도구 | R12: =IF(P12>=80,"즉시 착수",IF(P12>=60,"조건부 착수",IF(P12>=40,"보조도구","회피"))) -> 조건부 착수 | S12: =IF(COUNTIF(C12:L12,1)>0,"⚠1점축","") | T12: [검증완료] 공공 상한 10~15만/h(경직), 민간 50~150만이나 에이전시 30% 착취. 국비 AI강사 연 1만명 양산·시간당 8.3만 공고·VOD 65% 덤핑 등 단가붕괴 실증 → C 2. Zoom 6%로 급락, 오프라인 회귀로 물리적 한계. 수요는 정부예산 10.1조가 2~3년 보장(정책 기생형)
A13: 커머스·기타 | B13: 데이터·시장 리포트 구독 서비스 | C13: 3.5 | D13: 3 | E13: 2.5 | F13: 2 | G13: 4.5 | H13: 4 | I13: 1.5 | J13: 3 | K13: 4.5 | L13: 3 | M13: =SUMPRODUCT(기준!$B$3:$K$3,C13:L13)*20 -> 56 | N13: =MIN(M13,K13*20) -> 56 | O13: =SUMPRODUCT(기준!$B$4:$K$4,C13:L13)*20 -> 62 | P13: =MIN(O13,K13*20) -> 62 | Q13: =IF(N13>=80,"즉시 착수",IF(N13>=60,"조건부 착수",IF(N13>=40,"보조도구","회피"))) -> 보조도구 | R13: =IF(P13>=80,"즉시 착수",IF(P13>=60,"조건부 착수",IF(P13>=40,"보조도구","회피"))) -> 조건부 착수 | S13: =IF(COUNTIF(C13:L13,1)>0,"⚠1점축","") | T13: 신뢰 구축 전까지 판매 난망. B2B 전환 시 단가 상승
... A41: 콘텐츠·미디어 | B41: 전자책 아마존 KDP (영문) | C41: 3.5 | D41: 3 | E41: 2.5 | F41: 3 | G41: 4 | H41: 3.5 | I41: 2 | J41: 2 | K41: 1.5 | L41: 2 | M41: =SUMPRODUCT(기준!$B$3:$K$3,C41:L41)*20 -> 57 | N41: =MIN(M41,K41*20) -> 30 | O41: =SUMPRODUCT(기준!$B$4:$K$4,C41:L41)*20 -> 54.5 | P41: =MIN(O41,K41*20) -> 30 | Q41: =IF(N41>=80,"즉시 착수",IF(N41>=60,"조건부 착수",IF(N41>=40,"보조도구","회피"))) -> 회피 | R41: =IF(P41>=80,"즉시 착수",IF(P41>=60,"조건부 착수",IF(P41>=40,"보조도구","회피"))) -> 회피 | S41: =IF(COUNTIF(C41:L41,1)>0,"⚠1점축","") | T41: AI 사용 신고 의무·일일 출판 제한. 저품질 필터 최전선

Sheet 기준
A1: 가중치 (이 셀들을 바꾸면 채점표 점수가 자동 재계산됨)
B2: A | C2: I | D2: P | E2: Q | F2: S | G2: M | H2: D | I2: C | J2: G | K2: E | M2: 합계(=100%)
A3: 노베이스 가중치 | B3: 0.15 | C3: 0.1 | D3: 0.2 | E3: 0.15 | F3: 0.1 | G3: 0.05 | H3: 0.15 | I3: 0.1 | J3: 0 | K3: 0 | M3: =SUM(B3:K3) -> 1
A4: 유베이스 가중치 | B4: 0.1 | C4: 0.05 | D4: 0.1 | E4: 0.05 | F4: 0.1 | G4: 0.15 | H4: 0.1 | I4: 0.1 | J4: 0 | K4: 0.25 | M4: =SUM(B4:K4) -> 1
A6: 지표 설명
A7: A 자동화 실행도
A8: I 기획 자동화
A9: P 후처리 용이성
A10: Q 품질 관대성
A11: S 확장성
A12: M 마진율
A13: D 수요 획득
A14: C 경쟁 반감기
A15: G 플랫폼 생존성(게이트)
A16: E 전문성 레버리지(강사)
A18: 게이트 규칙: 최종점수 = MIN(원점수, G×20). 플랫폼 생존성이 사업의 상한.
... A23: 검증 완료(2026-07 딥리서치): 전자책 72.5 · 강의 상품화 71 · 유튜브 교육 71 · 멤버십 65.5 · AI 특강 62 · 뉴스레터 60(G캡)
